learning_rate,max_depth,n_estimators,MAE,RMSE
0.08,7,500,11.745776176452637,15.755652003911466
0.08,9,500,11.7932710647583,15.932176366536183
0.05,9,500,12.423022270202637,16.68358689051018
0.08,9,300,12.673437118530273,16.954167234668112
0.05,7,500,12.898231506347656,17.090113837151492
0.08,7,300,13.160284042358398,17.41207684114319
0.08,5,500,13.41093635559082,17.736874307641642
0.03,9,500,13.470918655395508,17.903146205149774
0.05,9,300,13.506410598754883,17.951374071493454
0.05,7,300,14.225150108337402,18.672741219447065
0.03,7,500,14.24078369140625,18.711990282229884
0.05,5,500,14.462207794189453,18.981785928133434
0.08,5,300,14.61670207977295,19.124231659658005
0.03,9,300,14.624595642089844,19.28069127786511
0.03,7,300,15.256492614746094,19.890496888088997
0.03,5,500,15.397209167480469,20.031870815993994
0.05,5,300,15.42278003692627,20.068861098503213
0.03,5,300,16.2058048248291,20.982991915049467
